split,num_samples,acc,confidence_mean,confidence_correct_mean,confidence_incorrect_mean,num_unique_true,num_unique_pred
val,229,0.6899563318777293,0.6589779318289986,0.7623671231956421,0.4289005763933692,46,45
test,230,0.3826086956521739,0.5621907966940299,0.7480897657911886,0.4469858017605795,46,45
